<?xml version="1.0" encoding="windows-1252" ?>
<!DOCTYPE ViewLink SYSTEM "jbo_03_01.dtd">
<!---->
<ViewLink
  xmlns="http://xmlns.oracle.com/bc4j"
  Name="EmpToDeptVL"
  Version="12.1.3.2.1"
  InheritPersonalization="merge"
  EntityAssociation="model.EmpToDeptAO">
  <Properties>
    <SchemaBasedProperties>
      <LABEL
        ResId="model.EmpToDeptVL_LABEL"/>
    </SchemaBasedProperties>
  </Properties>
  <ViewLinkDefEnd
    Name="Employees"
    Cardinality="1"
    Source="true"
    Owner="model.EmployeesVO">
    <DesignTime>
      <Attr Name="_finderName" Value="Employees"/>
      <Attr Name="_isUpdateable" Value="true"/>
    </DesignTime>
    <AttrArray Name="Attributes">
      <Item Value="model.EmployeesVO.DepartmentId"/>
    </AttrArray>
  </ViewLinkDefEnd>
  <ViewLinkDefEnd
    Name="Departments"
    Cardinality="-1"
    Owner="model.DepartmentsVO">
    <DesignTime>
      <Attr Name="_finderName" Value="Departments"/>
      <Attr Name="_isUpdateable" Value="true"/>
    </DesignTime>
    <AttrArray Name="Attributes">
      <Item Value="model.DepartmentsVO.DepartmentId"/>
    </AttrArray>
  </ViewLinkDefEnd>
  <ResourceBundle>
    <PropertiesBundle
      PropertiesFile="model.ModelBundle"/>
  </ResourceBundle>
</ViewLink>
