<?xml version="1.0" encoding="windows-1252" ?>
<!DOCTYPE Association SYSTEM "jbo_03_01.dtd">
<!---->
<Association
  xmlns="http://xmlns.oracle.com/bc4j"
  Name="EmpToDeptAO"
  Version="12.1.3.2.1"
  InheritPersonalization="merge">
  <DesignTime>
    <Attr Name="_isCodegen" Value="true"/>
  </DesignTime>
  <AssociationEnd
    Name="Employees"
    Cardinality="1"
    Source="true"
    Owner="model.EmployeesEO"
    LockLevel="NONE">
    <DesignTime>
      <Attr Name="_aggregation" Value="0"/>
      <Attr Name="_finderName" Value="Employees"/>
      <Attr Name="_isUpdateable" Value="true"/>
      <Attr Name="_minCardinality" Value="1"/>
    </DesignTime>
    <AttrArray Name="Attributes">
      <Item Value="model.EmployeesEO.DepartmentId"/>
    </AttrArray>
  </AssociationEnd>
  <AssociationEnd
    Name="Departments"
    Cardinality="-1"
    Owner="model.DepartmentsEO">
    <DesignTime>
      <Attr Name="_aggregation" Value="0"/>
      <Attr Name="_finderName" Value="Departments"/>
      <Attr Name="_isUpdateable" Value="true"/>
    </DesignTime>
    <AttrArray Name="Attributes">
      <Item Value="model.DepartmentsEO.DepartmentId"/>
    </AttrArray>
  </AssociationEnd>
</Association>
